<?xml version="1.0" encoding="UTF-8"?>
<jcr:root xmlns:sling="http://sling.apache.org/jcr/sling/1.0" xmlns:granite="http://www.adobe.com/jcr/granite/1.0" xmlns:cq="http://www.day.com/jcr/cq/1.0" xmlns:jcr="http://www.jcp.org/jcr/1.0" xmlns:nt="http://www.jcp.org/jcr/nt/1.0"
    jcr:primaryType="nt:unstructured"
    jcr:title="Header"
    sling:resourceType="cq/gui/components/authoring/dialog"
    extraClientlibs="[uscisfeecalculator2021.authoring.dialog]"
    height="30rem"
    width="50rem">
    <content
        jcr:primaryType="nt:unstructured"
        sling:resourceType="granite/ui/components/foundation/container"
        height="30rem"
        width="50rem">
        <items jcr:primaryType="nt:unstructured">
            <tabs
                jcr:primaryType="nt:unstructured"
                sling:resourceType="granite/ui/components/foundation/container">
                <layout
                    jcr:primaryType="nt:unstructured"
                    sling:resourceType="granite/ui/components/foundation/layouts/tabs"
                    type="nav"/>
                <items jcr:primaryType="nt:unstructured">
                    <logo
                        jcr:primaryType="nt:unstructured"
                        jcr:title="Logo Details"
                        sling:resourceType="granite/ui/components/foundation/section">
                        <layout
                            jcr:primaryType="nt:unstructured"
                            sling:resourceType="granite/ui/components/foundation/layouts/fixedcolumns"
                            margin="{Boolean}false"/>
                        <items jcr:primaryType="nt:unstructured">
                            <column
                                jcr:primaryType="nt:unstructured"
                                sling:resourceType="granite/ui/components/coral/foundation/container">
                                <items jcr:primaryType="nt:unstructured">
                                    <logoImage
                                        jcr:primaryType="nt:unstructured"
                                        sling:resourceType="granite/ui/components/coral/foundation/form/pathbrowser"
                                        fieldDescription="Enter Logo Image"
                                        fieldLabel=" Primary Logo Image"
                                        name="./logoImage"
                                        rootPath="/content/dam"/>
                                    <logoText
                                        jcr:primaryType="nt:unstructured"
                                        sling:resourceType="granite/ui/components/coral/foundation/form/textfield"
                                        fieldDescription="Enter Logo Text"
                                        fieldLabel="Logo Text"
                                        name="./logoText"/>
                                </items>
                            </column>
                        </items>
                    </logo>
                    <link1
                        jcr:primaryType="nt:unstructured"
                        jcr:title="Link 1 Details"
                        sling:resourceType="granite/ui/components/foundation/section">
                        <layout
                            jcr:primaryType="nt:unstructured"
                            sling:resourceType="granite/ui/components/foundation/layouts/fixedcolumns"
                            margin="{Boolean}false"/>
                        <items jcr:primaryType="nt:unstructured">
                            <column
                                jcr:primaryType="nt:unstructured"
                                sling:resourceType="granite/ui/components/coral/foundation/container">
                                <items jcr:primaryType="nt:unstructured">
                                    <linkText
                                        jcr:primaryType="nt:unstructured"
                                        sling:resourceType="granite/ui/components/coral/foundation/form/textfield"
                                        fieldDescription="Enter Link Text"
                                        fieldLabel="Link Text"
                                        name="./link1Text"/>
                                    <linkURL
                                        jcr:primaryType="nt:unstructured"
                                        sling:resourceType="granite/ui/components/coral/foundation/form/pathbrowser"
                                        fieldDescription="Enter Link Url"
                                        fieldLabel="Link Url"
                                        name="./link1Url"/>
                                </items>
                            </column>
                        </items>
                    </link1>
                    <link2
                        jcr:primaryType="nt:unstructured"
                        jcr:title="Link 2 Details"
                        sling:resourceType="granite/ui/components/foundation/section">
                        <layout
                            jcr:primaryType="nt:unstructured"
                            sling:resourceType="granite/ui/components/foundation/layouts/fixedcolumns"
                            margin="{Boolean}false"/>
                        <items jcr:primaryType="nt:unstructured">
                            <column
                                jcr:primaryType="nt:unstructured"
                                sling:resourceType="granite/ui/components/coral/foundation/container">
                                <items jcr:primaryType="nt:unstructured">
                                    <linkText
                                        jcr:primaryType="nt:unstructured"
                                        sling:resourceType="granite/ui/components/coral/foundation/form/textfield"
                                        fieldDescription="Enter Link Text"
                                        fieldLabel="Link Text"
                                        name="./link2Text"/>
                                    <linkURL
                                        jcr:primaryType="nt:unstructured"
                                        sling:resourceType="granite/ui/components/coral/foundation/form/pathbrowser"
                                        fieldDescription="Enter Link Url"
                                        fieldLabel="Link Url"
                                        name="./link2Url"/>
                                </items>
                            </column>
                        </items>
                    </link2>
                    <link3
                        jcr:primaryType="nt:unstructured"
                        jcr:title="Link 3 Details"
                        sling:resourceType="granite/ui/components/foundation/section">
                        <layout
                            jcr:primaryType="nt:unstructured"
                            sling:resourceType="granite/ui/components/foundation/layouts/fixedcolumns"
                            margin="{Boolean}false"/>
                        <items jcr:primaryType="nt:unstructured">
                            <column
                                jcr:primaryType="nt:unstructured"
                                sling:resourceType="granite/ui/components/coral/foundation/container">
                                <items jcr:primaryType="nt:unstructured">
                                    <linkText
                                        jcr:primaryType="nt:unstructured"
                                        sling:resourceType="granite/ui/components/coral/foundation/form/textfield"
                                        fieldDescription="Enter Link Text"
                                        fieldLabel="Link Text"
                                        name="./link3Text"/>
                                    <linkURL
                                        jcr:primaryType="nt:unstructured"
                                        sling:resourceType="granite/ui/components/coral/foundation/form/pathbrowser"
                                        fieldDescription="Enter Link Url"
                                        fieldLabel="Link Url"
                                        name="./link3Url"/>
                                </items>
                            </column>
                        </items>
                    </link3>
                    <link4
                        jcr:primaryType="nt:unstructured"
                        jcr:title="Link 4 Details"
                        sling:resourceType="granite/ui/components/foundation/section">
                        <layout
                            jcr:primaryType="nt:unstructured"
                            sling:resourceType="granite/ui/components/foundation/layouts/fixedcolumns"
                            margin="{Boolean}false"/>
                        <items jcr:primaryType="nt:unstructured">
                            <column
                                jcr:primaryType="nt:unstructured"
                                sling:resourceType="granite/ui/components/coral/foundation/container">
                                <items jcr:primaryType="nt:unstructured">
                                    <linkText
                                        jcr:primaryType="nt:unstructured"
                                        sling:resourceType="granite/ui/components/coral/foundation/form/textfield"
                                        fieldDescription="Enter Link Text"
                                        fieldLabel="Link Text"
                                        name="./link4Text"/>
                                    <linkURL
                                        jcr:primaryType="nt:unstructured"
                                        sling:resourceType="granite/ui/components/coral/foundation/form/pathbrowser"
                                        fieldDescription="Enter Link Url"
                                        fieldLabel="Link Url"
                                        name="./link4Url"/>
                                </items>
                            </column>
                        </items>
                    </link4>
                    <link5
                        jcr:primaryType="nt:unstructured"
                        jcr:title="Link 5 Details"
                        sling:resourceType="granite/ui/components/foundation/section">
                        <layout
                            jcr:primaryType="nt:unstructured"
                            sling:resourceType="granite/ui/components/foundation/layouts/fixedcolumns"
                            margin="{Boolean}false"/>
                        <items jcr:primaryType="nt:unstructured">
                            <column
                                jcr:primaryType="nt:unstructured"
                                sling:resourceType="granite/ui/components/coral/foundation/container">
                                <items jcr:primaryType="nt:unstructured">
                                    <linkText
                                        jcr:primaryType="nt:unstructured"
                                        sling:resourceType="granite/ui/components/coral/foundation/form/textfield"
                                        fieldDescription="Enter Link Text"
                                        fieldLabel="Link Text"
                                        name="./link5Text"/>
                                    <linkURL
                                        jcr:primaryType="nt:unstructured"
                                        sling:resourceType="granite/ui/components/coral/foundation/form/pathbrowser"
                                        fieldDescription="Enter Link Url"
                                        fieldLabel="Link Url"
                                        name="./link5Url"/>
                                </items>
                            </column>
                        </items>
                    </link5>
                    <link6
                        jcr:primaryType="nt:unstructured"
                        jcr:title="Link 6 Details"
                        sling:resourceType="granite/ui/components/foundation/section">
                        <layout
                            jcr:primaryType="nt:unstructured"
                            sling:resourceType="granite/ui/components/foundation/layouts/fixedcolumns"
                            margin="{Boolean}false"/>
                        <items jcr:primaryType="nt:unstructured">
                            <column
                                jcr:primaryType="nt:unstructured"
                                sling:resourceType="granite/ui/components/coral/foundation/container">
                                <items jcr:primaryType="nt:unstructured">
                                    <linkText
                                        jcr:primaryType="nt:unstructured"
                                        sling:resourceType="granite/ui/components/coral/foundation/form/textfield"
                                        fieldDescription="Enter Link Text"
                                        fieldLabel="Link Text"
                                        name="./link6Text"/>
                                    <linkURL
                                        jcr:primaryType="nt:unstructured"
                                        sling:resourceType="granite/ui/components/coral/foundation/form/pathbrowser"
                                        fieldDescription="Enter Link Url"
                                        fieldLabel="Link Url"
                                        name="./link6Url"/>
                                </items>
                            </column>
                        </items>
                    </link6>
                    <navigation
                        jcr:primaryType="nt:unstructured"
                        jcr:title="Site Navigation"
                        sling:resourceType="granite/ui/components/foundation/section">
                        <layout
                            jcr:primaryType="nt:unstructured"
                            sling:resourceType="granite/ui/components/foundation/layouts/fixedcolumns"
                            margin="{Boolean}false"/>
                        <items jcr:primaryType="nt:unstructured">
                            <column
                                jcr:primaryType="nt:unstructured"
                                sling:resourceType="granite/ui/components/coral/foundation/container">
                                <items jcr:primaryType="nt:unstructured">
                                    <levelOneNavItems
                                        jcr:primaryType="nt:unstructured"
                                        sling:resourceType="granite/ui/components/coral/foundation/form/multifield"
                                        class="full-width"
                                        composite="{Boolean}true"
                                        fieldDescription="Click 'Add field' to add Level One Navigation title and link"
                                        fieldLabel="Enter Level One Navigation Items"
                                        max-items="6"
                                        min-items="0">
                                        <field
                                            jcr:primaryType="nt:unstructured"
                                            sling:resourceType="granite/ui/components/coral/foundation/form/fieldset"
                                            acs-commons-nested=""
                                            name="./levelOneNavItems">
                                            <layout
                                                jcr:primaryType="nt:unstructured"
                                                sling:resourceType="granite/ui/components/foundation/layouts/fixedcolumns"
                                                method="absolute"/>
                                            <items jcr:primaryType="nt:unstructured">
                                                <column
                                                    jcr:primaryType="nt:unstructured"
                                                    sling:resourceType="granite/ui/components/foundation/container">
                                                    <items jcr:primaryType="nt:unstructured">
                                                        <levelOneNavLabel
                                                            jcr:primaryType="nt:unstructured"
                                                            sling:resourceType="granite/ui/components/coral/foundation/form/textfield"
                                                            fieldDescription="Navigation Label"
                                                            fieldLabel="Navigation Label"
                                                            maxlength="{Long}30"
                                                            name="./levelOneNavLabel"
                                                            required="{Boolean}true"/>
                                                        <levelOneNavLink
                                                            jcr:primaryType="nt:unstructured"
                                                            sling:resourceType="granite/ui/components/coral/foundation/form/pathbrowser"
                                                            fieldDescription="Navigation Link"
                                                            fieldLabel="Navigation Link"
                                                            name="./levelOneNavLink"
                                                            required="{Boolean}true"
                                                            rootPath="/content/upsstories/"/>
                                                        <levelOneNavTarget
                                                            jcr:primaryType="nt:unstructured"
                                                            sling:resourceType="granite/ui/components/foundation/form/checkbox"
                                                            fieldDescription="Navigation Trget"
                                                            fieldLabel="Navigation Target"
                                                            name="./levelOneNavTarget"
                                                            text="Open in New Window"
                                                            uncheckedValue="false"
                                                            value="true"/>
                                                        <content
                                                            jcr:primaryType="nt:unstructured"
                                                            jcr:title="Enter level 2 navigation items"
                                                            sling:resourceType="granite/ui/components/foundation/container">
                                                            <layout
                                                                jcr:primaryType="nt:unstructured"
                                                                sling:resourceType="granite/ui/components/foundation/layouts/collapsible"/>
                                                            <items jcr:primaryType="nt:unstructured">
                                                                <levelTwoNavigation
                                                                    jcr:primaryType="nt:unstructured"
                                                                    sling:resourceType="granite/ui/components/coral/foundation/form/multifield"
                                                                    class="full-width"
                                                                    composite="{Boolean}true"
                                                                    fieldDescription="Click 'Add field' to add Enter one more column list(maximum 3 items allowed)"
                                                                    fieldLabel="Enter column List">
                                                                    <granite:data
                                                                        jcr:primaryType="nt:unstructured"
                                                                        maxlinksallowed="3"/>
                                                                    <field
                                                                        jcr:primaryType="nt:unstructured"
                                                                        sling:resourceType="granite/ui/components/coral/foundation/container"
                                                                        acs-commons-nested=""
                                                                        name="./levelTwoNavigation">
                                                                        <layout
                                                                            jcr:primaryType="nt:unstructured"
                                                                            sling:resourceType="granite/ui/components/foundation/layouts/fixedcolumns"
                                                                            method="absolute"/>
                                                                        <items jcr:primaryType="nt:unstructured">
                                                                            <columnList
                                                                                jcr:primaryType="nt:unstructured"
                                                                                sling:resourceType="granite/ui/components/coral/foundation/form/multifield"
                                                                                class="full-width"
                                                                                composite="{Boolean}true"
                                                                                fieldDescription="Click 'Add field' to add Enter column one items(maximum 6 items allowed)"
                                                                                fieldLabel="Enter column items">
                                                                                <granite:data
                                                                                    jcr:primaryType="nt:unstructured"
                                                                                    maxlinksallowed="6"/>
                                                                                <field
                                                                                    jcr:primaryType="nt:unstructured"
                                                                                    sling:resourceType="granite/ui/components/coral/foundation/container"
                                                                                    acs-commons-nested=""
                                                                                    name="./columnList">
                                                                                    <layout
                                                                                        jcr:primaryType="nt:unstructured"
                                                                                        sling:resourceType="granite/ui/components/foundation/layouts/fixedcolumns"
                                                                                        method="absolute"/>
                                                                                    <items jcr:primaryType="nt:unstructured">
                                                                                        <column
                                                                                            jcr:primaryType="nt:unstructured"
                                                                                            sling:resourceType="granite/ui/components/foundation/container">
                                                                                            <items jcr:primaryType="nt:unstructured">
                                                                                                <levelTwoNavLabel
                                                                                                    jcr:primaryType="nt:unstructured"
                                                                                                    sling:resourceType="granite/ui/components/coral/foundation/form/textfield"
                                                                                                    fieldDescription="Navigation Label"
                                                                                                    fieldLabel="Navigation Label"
                                                                                                    maxlength="{Long}24"
                                                                                                    name="./levelTwoNavLabel"
                                                                                                    required="{Boolean}true"/>
                                                                                                <levelTwoNavLinks
                                                                                                    jcr:primaryType="nt:unstructured"
                                                                                                    sling:resourceType="granite/ui/components/coral/foundation/form/pathbrowser"
                                                                                                    fieldDescription="L2 Links"
                                                                                                    fieldLabel="L2 Links"
                                                                                                    name="./levelTwoNavLinks"
                                                                                                    required="{Boolean}true"
                                                                                                    rootPath="/content/upsstories"/>
                                                                                                <levelTwoNavTarget
                                                                                                    jcr:primaryType="nt:unstructured"
                                                                                                    sling:resourceType="granite/ui/components/foundation/form/checkbox"
                                                                                                    fieldDescription="Navigation  Target"
                                                                                                    fieldLabel="Navigation Target"
                                                                                                    name="./levelTwoNavTarget"
                                                                                                    text="Open in New Window"
                                                                                                    uncheckedValue="false"
                                                                                                    value="true"/>
                                                                                            </items>
                                                                                        </column>
                                                                                    </items>
                                                                                </field>
                                                                            </columnList>
                                                                        </items>
                                                                    </field>
                                                                </levelTwoNavigation>
                                                            </items>
                                                        </content>
                                                    </items>
                                                </column>
                                            </items>
                                        </field>
                                    </levelOneNavItems>
                                </items>
                            </column>
                        </items>
                    </navigation>
                    <utilityLinkItems
                        jcr:primaryType="nt:unstructured"
                        jcr:title="Utility links navigation"
                        sling:resourceType="granite/ui/components/foundation/section">
                        <layout
                            jcr:primaryType="nt:unstructured"
                            sling:resourceType="granite/ui/components/foundation/layouts/fixedcolumns"
                            margin="{Boolean}false"/>
                        <items jcr:primaryType="nt:unstructured">
                            <column
                                jcr:primaryType="nt:unstructured"
                                sling:resourceType="granite/ui/components/coral/foundation/container">
                                <items jcr:primaryType="nt:unstructured">
                                    <utilityLinkList
                                        jcr:primaryType="nt:unstructured"
                                        sling:resourceType="granite/ui/components/coral/foundation/form/multifield"
                                        class="full-width"
                                        composite="{Boolean}true"
                                        fieldDescription="Click 'Add field' to add Enter Utility links"
                                        fieldLabel="Enter Utility Links">
                                        <granite:data
                                            jcr:primaryType="nt:unstructured"
                                            maxlinksallowed="2"/>
                                        <field
                                            jcr:primaryType="nt:unstructured"
                                            sling:resourceType="granite/ui/components/coral/foundation/container"
                                            acs-commons-nested=""
                                            name="./utilityLinkList">
                                            <layout
                                                jcr:primaryType="nt:unstructured"
                                                sling:resourceType="granite/ui/components/foundation/layouts/fixedcolumns"
                                                method="absolute"/>
                                            <items jcr:primaryType="nt:unstructured">
                                                <column
                                                    jcr:primaryType="nt:unstructured"
                                                    sling:resourceType="granite/ui/components/foundation/container">
                                                    <items jcr:primaryType="nt:unstructured">
                                                        <utilityLinkLabel
                                                            jcr:primaryType="nt:unstructured"
                                                            sling:resourceType="granite/ui/components/coral/foundation/form/textfield"
                                                            fieldDescription="Utility Link Label"
                                                            fieldLabel="Utility Link Label"
                                                            maxlength="{Long}30"
                                                            name="./utilityLinkLabel"
                                                            required="{Boolean}true"/>
                                                        <utilityLink
                                                            jcr:primaryType="nt:unstructured"
                                                            sling:resourceType="granite/ui/components/coral/foundation/form/pathbrowser"
                                                            fieldDescription="Utility Link"
                                                            fieldLabel="Utility Link"
                                                            name="./utilityLink"
                                                            required="{Boolean}true"
                                                            rootPath="/content/upsstories"/>
                                                        <utilityLinkTarget
                                                            jcr:primaryType="nt:unstructured"
                                                            sling:resourceType="granite/ui/components/foundation/form/checkbox"
                                                            fieldDescription="Navigation  Target"
                                                            fieldLabel="Utility Link Target"
                                                            name="./utilityLinkTarget"
                                                            text="Open in New Window"
                                                            uncheckedValue="false"
                                                            value="true"/>
                                                    </items>
                                                </column>
                                            </items>
                                        </field>
                                    </utilityLinkList>
                                </items>
                            </column>
                        </items>
                    </utilityLinkItems>
                    <alert
                        jcr:primaryType="nt:unstructured"
                        jcr:title="Alert"
                        sling:resourceType="granite/ui/components/foundation/section">
                        <layout
                            jcr:primaryType="nt:unstructured"
                            sling:resourceType="granite/ui/components/foundation/layouts/fixedcolumns"
                            margin="{Boolean}false"/>
                        <items jcr:primaryType="nt:unstructured">
                            <column
                                jcr:primaryType="nt:unstructured"
                                sling:resourceType="granite/ui/components/coral/foundation/container">
                                <items jcr:primaryType="nt:unstructured">
                                    <alerts
                                        jcr:primaryType="nt:unstructured"
                                        sling:resourceType="granite/ui/components/coral/foundation/form/multifield"
                                        class="full-width"
                                        composite="{Boolean}true"
                                        fieldDescription="Click 'Add field' to add Alert item title and link"
                                        fieldLabel="Enter Alert items"
                                        max-items="3"
                                        min-items="0">
                                        <field
                                            jcr:primaryType="nt:unstructured"
                                            sling:resourceType="granite/ui/components/coral/foundation/container"
                                            acs-commons-nested=""
                                            name="./alerts">
                                            <layout
                                                jcr:primaryType="nt:unstructured"
                                                sling:resourceType="granite/ui/components/foundation/layouts/fixedcolumns"
                                                method="absolute"/>
                                            <items jcr:primaryType="nt:unstructured">
                                                <column
                                                    jcr:primaryType="nt:unstructured"
                                                    sling:resourceType="granite/ui/components/foundation/container">
                                                    <items jcr:primaryType="nt:unstructured">
                                                        <alertMessage
                                                            jcr:primaryType="nt:unstructured"
                                                            sling:resourceType="granite/ui/components/coral/foundation/form/textfield"
                                                            fieldDescription="Alert Message"
                                                            fieldLabel="Alert Message"
                                                            name="./alertMessage"/>
                                                        <alertUrl
                                                            jcr:primaryType="nt:unstructured"
                                                            sling:resourceType="granite/ui/components/coral/foundation/form/pathbrowser"
                                                            fieldDescription="Enter CTA link for Alert"
                                                            fieldLabel=" Alert CTA"
                                                            name="./alertUrl"
                                                            required="{Boolean}false"
                                                            rootPath="/content/upsstories"/>
                                                        <alertTarget
                                                            jcr:primaryType="nt:unstructured"
                                                            sling:resourceType="granite/ui/components/foundation/form/checkbox"
                                                            fieldDescription="Navigation  Target"
                                                            fieldLabel="Navigation Target"
                                                            name="./alertTarget"
                                                            text="Open in New Window"
                                                            value="true"/>
                                                    </items>
                                                </column>
                                            </items>
                                        </field>
                                    </alerts>
                                </items>
                            </column>
                        </items>
                    </alert>
                    <search
                        jcr:primaryType="nt:unstructured"
                        jcr:title="Search"
                        sling:resourceType="granite/ui/components/foundation/section">
                        <layout
                            jcr:primaryType="nt:unstructured"
                            sling:resourceType="granite/ui/components/foundation/layouts/fixedcolumns"
                            margin="{Boolean}false"/>
                        <items jcr:primaryType="nt:unstructured">
                            <column
                                jcr:primaryType="nt:unstructured"
                                sling:resourceType="granite/ui/components/coral/foundation/container">
                                <items jcr:primaryType="nt:unstructured">
                                    <siteName
                                        jcr:primaryType="nt:unstructured"
                                        sling:resourceType="granite/ui/components/coral/foundation/form/textfield"
                                        fieldDescription="Enter site name"
                                        fieldLabel="Enter site name"
                                        name="./siteName"
                                        rootPath="/content/upsstories"/>
                                    <searchResultPagePath
                                        jcr:primaryType="nt:unstructured"
                                        sling:resourceType="granite/ui/components/coral/foundation/form/pathbrowser"
                                        fieldDescription="Select Search Result Page"
                                        fieldLabel="Select search results page"
                                        name="./searchResultPagePath"
                                        rootPath="/content/upsstories"/>
                                    <resultsnotfoundpage
                                        jcr:primaryType="nt:unstructured"
                                        sling:resourceType="granite/ui/components/coral/foundation/form/pathbrowser"
                                        fieldDescription="Search results not found page"
                                        fieldLabel="Select search results not found page"
                                        name="./resultsNotFoundPage"
                                        rootPath="/content/upsstories"/>
                                    <searchBox
                                        jcr:primaryType="nt:unstructured"
                                        sling:resourceType="granite/ui/components/coral/foundation/form/textfield"
                                        fieldDescription="Search placeholder text"
                                        fieldLabel="Provide placeholder text"
                                        name="./searchBox"/>
                                    <searchBoxClearLabel
                                        jcr:primaryType="nt:unstructured"
                                        sling:resourceType="granite/ui/components/coral/foundation/form/textfield"
                                        fieldDescription="Clear"
                                        fieldLabel="Search box clear label"
                                        name="./searchBoxClearLabel"/>
                                    <searchBoxRecentLabel
                                        jcr:primaryType="nt:unstructured"
                                        sling:resourceType="granite/ui/components/coral/foundation/form/textfield"
                                        fieldDescription="Text label for recent search terms"
                                        fieldLabel="Search box recent label"
                                        name="./searchBoxRecentLabel"/>
                                </items>
                            </column>
                        </items>
                    </search>
                    <countrylangselector
                        jcr:primaryType="nt:unstructured"
                        jcr:title="Country Language selector"
                        sling:resourceType="granite/ui/components/foundation/section">
                        <layout
                            jcr:primaryType="nt:unstructured"
                            sling:resourceType="granite/ui/components/foundation/layouts/fixedcolumns"
                            margin="{Boolean}false"/>
                        <items jcr:primaryType="nt:unstructured">
                            <column
                                jcr:primaryType="nt:unstructured"
                                sling:resourceType="granite/ui/components/coral/foundation/container">
                                <items jcr:primaryType="nt:unstructured">
                                    <iconBefore
                                        jcr:primaryType="nt:unstructured"
                                        sling:resourceType="granite/ui/components/coral/foundation/form/select"
                                        fieldDescription="Enter Language selector icon"
                                        fieldLabel="Language selector icon"
                                        name="./iconBefore">
                                        <datasource
                                            jcr:primaryType="nt:unstructured"
                                            sling:resourceType="acs-commons/components/utilities/genericlist/datasource"
                                            path="/etc/acs-commons/lists/upsstories/icons-list"/>
                                    </iconBefore>
                                    <languageSelector
                                        jcr:primaryType="nt:unstructured"
                                        sling:resourceType="granite/ui/components/coral/foundation/form/textfield"
                                        fieldDescription="Enter Language Selector Label"
                                        fieldLabel="Language Selector Label"
                                        name="./languageSelector"/>
                                    <heading
                                        jcr:primaryType="nt:unstructured"
                                        sling:resourceType="granite/ui/components/coral/foundation/form/textfield"
                                        fieldDescription="Author the heading for Country/Language Selector."
                                        fieldLabel="Heading"
                                        name="./heading"/>
                                    <region
                                        jcr:primaryType="nt:unstructured"
                                        sling:resourceType="granite/ui/components/coral/foundation/form/multifield"
                                        class="full-width"
                                        composite="{Boolean}true"
                                        fieldDescription="Click 'Add field' to add Region Data."
                                        fieldLabel="Region List">
                                        <field
                                            jcr:primaryType="nt:unstructured"
                                            sling:resourceType="granite/ui/components/coral/foundation/container"
                                            acs-commons-nested=""
                                            name="./region">
                                            <layout
                                                jcr:primaryType="nt:unstructured"
                                                sling:resourceType="granite/ui/components/foundation/layouts/fixedcolumns"
                                                method="absolute"/>
                                            <items jcr:primaryType="nt:unstructured">
                                                <column
                                                    jcr:primaryType="nt:unstructured"
                                                    sling:resourceType="granite/ui/components/foundation/container">
                                                    <items jcr:primaryType="nt:unstructured">
                                                        <regionLabel
                                                            jcr:primaryType="nt:unstructured"
                                                            sling:resourceType="granite/ui/components/coral/foundation/form/textfield"
                                                            fieldDescription="Author the label for the region."
                                                            fieldLabel="Region Label"
                                                            name="./regionLabel"/>
                                                        <language
                                                            jcr:primaryType="nt:unstructured"
                                                            sling:resourceType="granite/ui/components/coral/foundation/form/multifield"
                                                            class="full-width"
                                                            composite="{Boolean}true"
                                                            fieldDescription="Click 'Add field' to add Language data."
                                                            fieldLabel="Language List">
                                                            <field
                                                                jcr:primaryType="nt:unstructured"
                                                                sling:resourceType="granite/ui/components/coral/foundation/form/fieldset"
                                                                acs-commons-nested=""
                                                                name="./language">
                                                                <layout
                                                                    jcr:primaryType="nt:unstructured"
                                                                    sling:resourceType="granite/ui/components/foundation/layouts/fixedcolumns"
                                                                    method="absolute"/>
                                                                <items jcr:primaryType="nt:unstructured">
                                                                    <column
                                                                        jcr:primaryType="nt:unstructured"
                                                                        sling:resourceType="granite/ui/components/foundation/container">
                                                                        <items jcr:primaryType="nt:unstructured">
                                                                            <languageLabel
                                                                                jcr:primaryType="nt:unstructured"
                                                                                sling:resourceType="granite/ui/components/coral/foundation/form/textfield"
                                                                                fieldDescription="Author the Label for the field."
                                                                                fieldLabel="Language Label "
                                                                                name="./languageLabel"/>
                                                                            <homePagePath
                                                                                jcr:primaryType="nt:unstructured"
                                                                                sling:resourceType="granite/ui/components/coral/foundation/form/pathbrowser"
                                                                                fieldDescription="Author the Home Page Path for selected Region and Language"
                                                                                fieldLabel="Home Page Path"
                                                                                name="./homePagePath"
                                                                                rootPath="/content/upsstories"/>
                                                                        </items>
                                                                    </column>
                                                                </items>
                                                            </field>
                                                        </language>
                                                    </items>
                                                </column>
                                            </items>
                                        </field>
                                    </region>
                                </items>
                            </column>
                        </items>
                    </countrylangselector>
                </items>
            </tabs>
        </items>
    </content>
</jcr:root>
