<?xml version="1.0" encoding="UTF-8"?>
<jcr:root xmlns:sling="http://sling.apache.org/jcr/sling/1.0" xmlns:cq="http://www.day.com/jcr/cq/1.0" xmlns:jcr="http://www.jcp.org/jcr/1.0" xmlns:nt="http://www.jcp.org/jcr/nt/1.0"
    jcr:primaryType="sling:OrderedFolder">
    <jcr:content
        cq:conf="/conf/uscisfeecalculator2021"
        jcr:primaryType="nt:unstructured"
        jcr:title="USCIS Fee Calculator 2021">
        <folderThumbnail/>
    </jcr:content>
    <chevron-down.png/>
    <chevron-up.png/>
    <favicon.ico/>
    <footer-little-logo.svg/>
    <footer-logo.svg/>
    <asset.jpg/>
    <footerLogo2x.png/>
    <lock-icon.png/>
    <uscis-flag.png/>
    <white-house-icon.png/>
    <uscis-logo.svg/>
    <footerLogo.svg/>
    <DHS-updated-footer.svg/>
    <DHS_cis_W.svg/>
    <USCIS_RGB_Hor_Blue_at20.svg/>
</jcr:root>
