<?xml version="1.0" encoding="UTF-8"?>
<jcr:root xmlns:sling="http://sling.apache.org/jcr/sling/1.0" 
    xmlns:cq="http://www.day.com/jcr/cq/1.0" 
    xmlns:jcr="http://www.jcp.org/jcr/1.0" 
    xmlns:nt="http://www.jcp.org/jcr/nt/1.0" 
    jcr:primaryType="cq:Page">
    <jcr:content cq:template="/conf/AMS-Fee-Cal/settings/wcm/templates/product-page"
        jcr:primaryType="cq:PageContent" 
        jcr:title="Product page"
        sling:resourceType="AMS-Fee-Cal/components/page">
        <root jcr:primaryType="nt:unstructured"
            sling:resourceType="AMS-Fee-Cal/components/container"
            layout="responsiveGrid">
            <container jcr:primaryType="nt:unstructured"
                sling:resourceType="AMS-Fee-Cal/components/container">
                <container jcr:primaryType="nt:unstructured"
                    sling:resourceType="AMS-Fee-Cal/components/container"
                    layout="responsiveGrid">
                    <product jcr:primaryType="nt:unstructured"
                        sling:resourceType="AMS-Fee-Cal/components/commerce/product" />
                </container>
            </container>
        </root>
    </jcr:content>
</jcr:root>